id;nombres;apellidos;cargo;telefono;fecha_asoc;email
1;yuck;costume hype;aha ice;unwilling casserole now;2024-06-13;Luis_MadrigalEscamilla52@yahoo.com
2;ew;generally upright writhe;united pfft;austere;2024-06-13;Victor16@gmail.com
3;which yahoo;ovary notch transcribe;gadzooks motivate;painfully;2024-06-12;Benjamin71@yahoo.com
4;plow across;junk;about exactly;breakable tempo;2024-06-12;Lucas.GuardadoMontano88@hotmail.com
5;since whether;automatic toward inasmuch;past yum instead;ack loads;2024-06-13;Eva.GarridoTeran6@gmail.com
6;violently times unless;where savour dial;superior;idle ouch absent;2024-06-12;Anita.LaraTovar86@yahoo.com
7;who meh of;whenever;since why fitting;separately mouse upside-down;2024-06-12;Nicolas_CalderaRazo@yahoo.com
8;troubled;after;quarrelsomely roasted;convey;2024-06-13;Gabriela.PulidoLozano@gmail.com
9;barring trick fancy;worth safely sequestrate;ultimate;blah;2024-06-13;Isabel_ZamudioCordero58@hotmail.com
10;pink uh-huh;whenever;unabashedly;note these;2024-06-12;Pedro15@hotmail.com
