id;nombres;apellidos;rol_tecnico;telefono;fecha_inicio;email
1;incidentally versus undress;life dragster;yawningly;clap exactly minimize;2024-06-13;Catalina_ZaragozaDuarte92@yahoo.com
2;acclimatise family;via pro kookily;above wall off;fluke liberalize agonizing;2024-06-12;Claudio_CorderoQuintero25@hotmail.com
3;bah sweet;ah;adventurously;incidentally brave till;2024-06-13;Diego_DelacruzGalarza97@yahoo.com
4;wetly enclave;even fear now;drapes dimly;banana curriculum peep;2024-06-13;Blanca_MontesLira@gmail.com
5;reserve afterwards oh;into photosynthesise;while less;besides gadzooks political;2024-06-13;JoseEduardo.MoyaEstevez57@hotmail.com
6;low contemplate;madly admission;off broadly whenever;meh gah after;2024-06-13;Jaime.VargasPortillo@yahoo.com
7;knavishly afterwards huzzah;geez;but vaguely petty;failing;2024-06-13;Magdalena67@gmail.com
8;instead bah;espy anti;lest at;qua cream;2024-06-12;Salvador.GalarzaTamez@hotmail.com
9;lest afore instead;whiten before more;yippee gah;minus pale opossum;2024-06-13;Jaime42@hotmail.com
10;likewise concerning;eek dangerous meanwhile;aw watchful;lest;2024-06-13;Beatriz26@yahoo.com
